<Packages>
    <ApplicationName>Qt Installer Framework</ApplicationName>
    <ApplicationVersion>1.0.0</ApplicationVersion>
    <Package>
        <Name>org.qtproject.ifw</Name>
        <Title>Qt Installer Framework</Title>
        <Description>Installs the Qt Installer Framework.</Description>
        <SortingPriority>0</SortingPriority>
        <TreeName moveChildren="false"></TreeName>
        <Version>4.7.0</Version>
        <LastUpdateDate></LastUpdateDate>
        <InstallDate>2024-12-19</InstallDate>
        <Size>0</Size>
        <Checkable>true</Checkable>
    </Package>
    <Package>
        <Name>org.qtproject.ifw.binaries</Name>
        <Title>Qt Installer Framework Binaries</Title>
        <Description>Installs the binaries, examples and help files.</Description>
        <SortingPriority>0</SortingPriority>
        <TreeName moveChildren="false"></TreeName>
        <Version>4.7.0</Version>
        <LastUpdateDate></LastUpdateDate>
        <InstallDate>2024-12-19</InstallDate>
        <Size>181714379</Size>
        <Checkable>true</Checkable>
    </Package>
</Packages>
